{"cameraMode":{"drawMode":0,"name":"Shaded","section":"Shading Mode"},"sceneLighting":true,"audioPlay":false,"sceneViewState":{"showFog":true,"showMaterialUpdate":false,"showSkybox":true,"showFlares":true,"showImageEffects":true,"showParticleSystems":true},"in2DMode":false,"pivot":{"x":34.861793518066409,"y":-0.25705718994140627,"z":77.32949829101563},"rotation":{"x":-0.15885180234909059,"y":-0.03051409125328064,"z":0.004925323184579611,"w":-0.9868314862251282},"size":154.1162567138672,"orthographic":false}