{"cameraMode":{"drawMode":0,"name":"Shaded","section":"Shading Mode"},"sceneLighting":true,"audioPlay":false,"sceneViewState":{"showFog":true,"showMaterialUpdate":false,"showSkybox":true,"showFlares":true,"showImageEffects":true,"showParticleSystems":true},"in2DMode":false,"pivot":{"x":0.2694239616394043,"y":0.16876983642578126,"z":-0.36956167221069338},"rotation":{"x":-0.07893519848585129,"y":0.910149097442627,"z":-0.20430096983909608,"w":-0.3516518175601959},"size":10.416044235229493,"orthographic":false}