{"cameraMode":{"drawMode":0,"name":"Shaded","section":"Shading Mode"},"sceneLighting":true,"audioPlay":false,"sceneViewState":{"showFog":true,"showMaterialUpdate":false,"showSkybox":true,"showFlares":true,"showImageEffects":true,"showParticleSystems":true},"in2DMode":false,"pivot":{"x":5.072865009307861,"y":7.646717071533203,"z":0.1543426513671875},"rotation":{"x":-0.11275113373994827,"y":-0.04411090537905693,"z":0.005002729129046202,"w":-0.9926435947418213},"size":69.76780700683594,"orthographic":false}